asset_type,total_value,num_trades,pct_attribution
Equity,260685914.52179986,256,25.887398524129207
Bond,512468113.7864992,483,50.89061415855858
Commodity,233845243.0894,237,23.221987317312205
