operation,polars_time,pandas_time,speedup
Data Loading,0.0006283283233642578,0.0035089969635009764,5.584655080822645
Filtering,0.0004269123077392578,0.0008002281188964844,1.8744554897799621
GroupBy & Aggregation,0.0015903472900390624,0.0013435840606689452,0.8448368913408492
Join Operation,0.0009192943572998047,0.0018511295318603515,2.0136417863997096
