region,total_value,num_trades,pct_attribution
APAC,287771633.8203998,267,28.57714419405461
EU,236894332.6708998,244,23.52477696851699
US,482333304.9063995,465,47.8980788374284
